id,name,service,agency,borough,address,hours_known,any_outside_9_to_5,before_9,after_5,weekend,outside_minutes_per_week,total_minutes_per_week,special_date_hours,hours,source
idnyc-enrollment-bronx-business-center,Bronx Business Center,IDNYC enrollment,IDNYC,Bronx,"3030 Third Avenue, 2nd Floor",True,True,True,False,False,150,2400,False,Mon–Fri 08:30–16:30,https://www.nyc.gov/site/idnyc/card/locations.page
idnyc-enrollment-bronx-monterey,Bronx Monterey,IDNYC enrollment,IDNYC,Bronx,"1910 Monterey Avenue, 3rd Floor",True,False,False,False,False,0,2400,False,Mon–Fri 09:00–17:00,https://www.nyc.gov/site/idnyc/card/locations.page
idnyc-enrollment-brooklyn-public-library-central,Brooklyn Public Library Central,IDNYC enrollment,IDNYC,Brooklyn,10 Grand Army Plaza,True,False,False,False,False,0,2100,False,Mon–Fri 09:00–17:00; closed 13:00–14:00 for lunch,https://www.nyc.gov/site/idnyc/card/locations.page
idnyc-enrollment-east-new-york,East New York,IDNYC enrollment,IDNYC,Brooklyn,"2400 Fulton Street, 5th Floor",True,True,True,False,False,150,2550,False,Mon–Fri 08:30–17:00,https://www.nyc.gov/site/idnyc/card/locations.page
idnyc-enrollment-coney-island,Coney Island,IDNYC enrollment,IDNYC,Brooklyn,"1912 Mermaid Avenue, 1st Floor",True,False,False,False,False,0,2100,False,Mon–Fri 09:00–17:00; closed 13:00–14:00 for lunch,https://www.nyc.gov/site/idnyc/card/locations.page
idnyc-enrollment-manhattan-business-center,Manhattan Business Center,IDNYC enrollment,IDNYC,Manhattan,"66 John Street, 2nd Floor",True,True,True,False,False,150,2100,False,Mon–Fri 08:30–16:30; closed 13:00–14:00 for lunch,https://www.nyc.gov/site/idnyc/card/locations.page
idnyc-enrollment-union-square,Union Square,IDNYC enrollment,IDNYC,Manhattan,"109 East 16th Street, 1st Floor",True,True,True,False,False,150,2550,False,Mon–Fri 08:30–17:00,https://www.nyc.gov/site/idnyc/card/locations.page
idnyc-enrollment-east-harlem,East Harlem,IDNYC enrollment,IDNYC,Manhattan,"158 East 115th Street, Room 108",True,False,False,False,False,0,2100,False,Mon–Fri 09:00–17:00; closed 13:00–14:00 for lunch,https://www.nyc.gov/site/idnyc/card/locations.page
idnyc-enrollment-queens-public-library-at-central,Queens Public Library at Central,IDNYC enrollment,IDNYC,Queens,"89-11 Merrick Boulevard, 1st Floor",True,True,False,True,False,300,2400,False,Mon–Fri 10:00–18:00,https://www.nyc.gov/site/idnyc/card/locations.page
idnyc-enrollment-queens-business-center,Queens Business Center,IDNYC enrollment,IDNYC,Queens,"144-06 94th Avenue, 2nd Floor",True,True,True,False,False,150,2100,False,Mon–Fri 08:30–16:30; closed 13:00–14:00 for lunch,https://www.nyc.gov/site/idnyc/card/locations.page
idnyc-enrollment-staten-island,Staten Island,IDNYC enrollment,IDNYC,Staten Island,"201 Bay Street, 2nd Floor",True,False,False,False,False,0,2100,False,Mon–Fri 09:00–17:00; closed 13:00–14:00 for lunch,https://www.nyc.gov/site/idnyc/card/locations.page
benefits-office-support-crotona,Crotona,Benefits office support,HRA,Bronx,"1910 Monterey Avenue, Bronx, NY 10457",True,True,True,False,False,150,2550,False,Monday – Friday 8:30am to 5:00pm,https://www.nyc.gov/site/hra/locations/job-locations-and-service-centers.page
benefits-office-support-fordham,Fordham,Benefits office support,HRA,Bronx,"2541-2549 Bainbridge Avenue, Bronx, NY 10458",True,True,True,False,False,150,2550,False,Monday – Friday 8:30am to 5:00pm,https://www.nyc.gov/site/hra/locations/job-locations-and-service-centers.page
benefits-office-support-concourse,Concourse,Benefits office support,HRA,Bronx,"845 Barretto Street, Bronx, NY 10474",True,True,True,False,False,150,2550,False,Monday – Friday 8:30am to 5:00pm,https://www.nyc.gov/site/hra/locations/job-locations-and-service-centers.page
benefits-office-support-hunts-point,Hunts Point,Benefits office support,HRA,Bronx,"847 Barretto Street, Bronx, NY 10474",True,True,True,False,False,150,2550,False,Monday – Friday 8:30am to 5:00pm,https://www.nyc.gov/site/hra/locations/job-locations-and-service-centers.page
benefits-office-support-rider,Rider,Benefits office support,HRA,Bronx,"300 Canal Place, Bronx, NY 10451",True,True,True,False,False,150,2550,False,Monday – Friday 8:30am to 5:00pm,https://www.nyc.gov/site/hra/locations/job-locations-and-service-centers.page
benefits-office-support-bushwick,Bushwick,Benefits office support,HRA,Brooklyn,"2 George Street, Brooklyn, NY 11206",True,True,True,False,False,150,2550,False,Monday – Friday 8:30am to 5:00p,https://www.nyc.gov/site/hra/locations/job-locations-and-service-centers.page
benefits-office-support-clinton-hill,Clinton Hill,Benefits office support,HRA,Brooklyn,"495 Clermont Ave, Brooklyn NY 11238",True,True,True,False,False,150,2550,False,Monday – Friday 8:30am to 5:00p,https://www.nyc.gov/site/hra/locations/job-locations-and-service-centers.page
benefits-office-support-coney-island,Coney Island,Benefits office support,HRA,Brooklyn,"1912 Mermaid Avenue, Brooklyn, NY 11224",True,True,True,False,False,150,2550,False,Monday – Friday 8:30am to 5:00pm,https://www.nyc.gov/site/hra/locations/job-locations-and-service-centers.page
benefits-office-support-east-new-york,East New York,Benefits office support,HRA,Brooklyn,"2400 Fulton Street, 1st Floor Brooklyn, NY 11233",True,True,True,False,False,150,2550,False,Monday – Friday 8:30am to 5:00pm,https://www.nyc.gov/site/hra/locations/job-locations-and-service-centers.page
benefits-office-support-dyckman,Dyckman,Benefits office support,HRA,Manhattan,"4055 10th Avenue, New York, NY 10034",True,True,True,False,False,150,2550,False,Monday – Friday 8:30am to 5:00pm,https://www.nyc.gov/site/hra/locations/job-locations-and-service-centers.page
benefits-office-support-east-end,East End,Benefits office support,HRA,Manhattan,"2322 Third Avenue, New York, NY 10035",True,True,True,False,False,150,2550,False,Monday – Friday 8:30am to 5:00pm,https://www.nyc.gov/site/hra/locations/job-locations-and-service-centers.page
benefits-office-support-st-nicholas,St. Nicholas,Benefits office support,HRA,Manhattan,"132 W. 125th Street, New York, NY 10027",True,True,True,False,False,150,2550,False,Monday – Friday 8:30am to 5:00pm,https://www.nyc.gov/site/hra/locations/job-locations-and-service-centers.page
benefits-office-support-lower-manhattan,Lower Manhattan,Benefits office support,HRA,Manhattan,"109 E. 16th Street, New York, NY 10003",True,True,True,False,False,150,2550,False,Monday – Friday 8:30am to 5:00pm,https://www.nyc.gov/site/hra/locations/job-locations-and-service-centers.page
benefits-office-support-jamaica,Jamaica,Benefits office support,HRA,Queens,"165-08 88th Avenue, Queens, NY 11432",True,True,True,False,False,150,2550,False,Monday – Friday 8:30am to 5:00pm,https://www.nyc.gov/site/hra/locations/job-locations-and-service-centers.page
benefits-office-support-queens,Queens,Benefits office support,HRA,Queens,"32-20 Northern Blvd, 4th Floor, Queens 11101",True,True,True,False,False,150,2550,False,Monday – Friday 8:30am to 5:00pm,https://www.nyc.gov/site/hra/locations/job-locations-and-service-centers.page
benefits-office-support-rockaway,Rockaway,Benefits office support,HRA,Queens,"219 Beach 59th Street, Queens, NY 11692",True,True,True,False,False,150,2550,False,Monday – Friday 8:30am to 5:00pm,https://www.nyc.gov/site/hra/locations/job-locations-and-service-centers.page
benefits-office-support-richmond,Richmond,Benefits office support,HRA,Staten Island,"201 Bay Street, Staten Island, NY 10301",True,True,True,False,False,150,2550,False,Center Hours: Monday – Friday 8:30am to 5:00pm,https://www.nyc.gov/site/hra/locations/job-locations-and-service-centers.page
specialized-benefits-support-union-square-service-center,Union Square Service Center,Specialized benefits support,HRA,Manhattan,109 East 16th Street,True,True,True,False,False,150,2550,False,Mon–Fri 08:30–17:00,https://www.nyc.gov/site/hra/locations/job-locations-and-service-centers.page
specialized-benefits-support-michael-j-handy-veterans-service-center,Michael J. Handy Veterans’ Service Center,Specialized benefits support,HRA,Brooklyn,"25 Chapel Street, 6th Floor, Room 606",True,True,True,False,False,150,2550,False,Mon–Fri 08:30–17:00,https://www.nyc.gov/site/hra/locations/job-locations-and-service-centers.page
specialized-benefits-support-ebt-services-office,EBT Services Office,Specialized benefits support,HRA,Brooklyn,"785 Atlantic Avenue, 1st Floor",True,True,True,False,False,150,2550,False,Mon–Fri 08:30–17:00,https://www.nyc.gov/site/hra/locations/job-locations-and-service-centers.page
specialized-benefits-support-refugee-and-immigrant-service-center,Refugee and Immigrant Service Center,Specialized benefits support,HRA,Brooklyn,25 Chapel Street,True,True,True,False,False,150,2550,False,Mon–Fri 08:30–17:00,https://www.nyc.gov/site/hra/locations/job-locations-and-service-centers.page
specialized-benefits-support-residential-treatment-service-center,Residential Treatment Service Center,Specialized benefits support,HRA,Manhattan,109 East 16th Street,True,True,True,False,False,150,2550,False,Mon–Fri 08:30–17:00,https://www.nyc.gov/site/hra/locations/job-locations-and-service-centers.page
specialized-benefits-support-special-project-center,Special Project Center,Specialized benefits support,HRA,Manhattan,"109 East 16th Street, 6th Floor",False,,,,,,,False,Hours not stated in the source,https://www.nyc.gov/site/hra/locations/job-locations-and-service-centers.page
specialized-benefits-support-transportation-unit,Transportation Unit,Specialized benefits support,HRA,Brooklyn,"25 Chapel Street, 6th Floor",False,,,,,,,False,Hours not stated in the source,https://www.nyc.gov/site/hra/locations/job-locations-and-service-centers.page
family-services-recertification-bronx-satellite,Bronx Satellite,Family Services recertification,HRA,Bronx,847 Barretto Street,True,True,True,False,False,150,2550,False,Mon–Fri 08:30–17:00,https://www.nyc.gov/site/hra/locations/job-locations-and-service-centers.page
family-services-recertification-brooklyn-satellite,Brooklyn Satellite,Family Services recertification,HRA,Brooklyn,"2400 Fulton Street, 3rd & 4th Floor",True,True,True,False,False,150,2550,False,Mon–Fri 08:30–17:00,https://www.nyc.gov/site/hra/locations/job-locations-and-service-centers.page
family-services-recertification-manhattan-satellite,Manhattan Satellite,Family Services recertification,HRA,Manhattan,132 West 125th Street,True,True,True,False,False,150,2550,False,Mon–Fri 08:30–17:00,https://www.nyc.gov/site/hra/locations/job-locations-and-service-centers.page
family-services-recertification-queens-satellite,Queens Satellite,Family Services recertification,HRA,Queens,32-20 Northern Boulevard,True,True,True,False,False,150,2550,False,Mon–Fri 08:30–17:00,https://www.nyc.gov/site/hra/locations/job-locations-and-service-centers.page
snap-office-support-crotona-snap-center,Crotona SNAP Center,SNAP office support,HRA,Bronx,"1910 Monterey Avenue, 5th Fl., Bronx, NY 10457",True,True,True,False,False,150,2550,False,Monday – Friday 8:30am to 5:00pm,https://www.nyc.gov/site/hra/locations/snap-locations.page
snap-office-support-hunts-point-snap-center,Hunts Point SNAP Center,SNAP office support,HRA,Bronx,"845 Barretto Street, B-Level Fl., Bronx, NY 10474",True,True,True,False,False,150,2550,False,Monday – Friday 8:30am to 5:00pm,https://www.nyc.gov/site/hra/locations/snap-locations.page
snap-office-support-coney-island-snap-center,Coney Island SNAP Center,SNAP office support,HRA,Brooklyn,"1912 Mermaid Avenue, 1st & 2nd Fl., Brooklyn, NY 11224",True,True,True,False,False,150,2550,False,Monday - Friday 8:30am to 5:00pm,https://www.nyc.gov/site/hra/locations/snap-locations.page
snap-office-support-east-new-york-snap-center,East New York SNAP Center,SNAP office support,HRA,Brooklyn,"2400 Fulton Street, 3rd & 4th Fl., Brooklyn, NY 11233",True,True,True,False,False,150,2550,False,Monday – Friday 8:30am to 5:00pm,https://www.nyc.gov/site/hra/locations/snap-locations.page
snap-office-support-williamsburg-snap-center,Williamsburg SNAP Center,SNAP office support,HRA,Brooklyn,"2 George Street, 1st Fl., Brooklyn, NY 11206",True,True,True,False,False,150,2550,False,Monday – Friday 8:30am to 5:00pm,https://www.nyc.gov/site/hra/locations/snap-locations.page
snap-office-support-east-end-snap-center,East End SNAP Center,SNAP office support,HRA,Manhattan,"2322 Third Avenue, 3rd Fl., New York, NY 10035",True,True,True,False,False,150,2550,False,Monday – Friday 8:30am to 5:00pm,https://www.nyc.gov/site/hra/locations/snap-locations.page
snap-office-support-washington-heights-snap-center,Washington Heights SNAP Center,SNAP office support,HRA,Manhattan,"4055 10th Avenue, Lower Level, New York, NY 10034",True,True,True,False,False,150,2550,False,Monday – Friday 8:30am to 5:00pm,https://www.nyc.gov/site/hra/locations/snap-locations.page
snap-office-support-lower-manhattan,Lower Manhattan,SNAP office support,HRA,Manhattan,"109 E. 16th Street, New York, NY 10003",True,True,True,False,False,150,2550,False,Monday - Friday 8:30am to 5:00pm,https://www.nyc.gov/site/hra/locations/snap-locations.page
snap-office-support-st-nicholas,St. Nicholas,SNAP office support,HRA,Manhattan,"132 W. 125th Street, New York, NY 10027",True,True,True,False,False,150,2550,False,Monday - Friday 8:30am to 5:00pm,https://www.nyc.gov/site/hra/locations/snap-locations.page
snap-office-support-jamaica-snap-center,Jamaica SNAP Center,SNAP office support,HRA,Queens,"165-08 88th Avenue, 3rd Fl., Jamaica, NY 11432",True,True,True,False,False,150,2550,False,Monday - Friday 8:30am to 5:00pm,https://www.nyc.gov/site/hra/locations/snap-locations.page
snap-office-support-queens-snap-center,Queens SNAP Center,SNAP office support,HRA,Queens,"32-20 Northern Blvd., 2nd Fl., LIC, NY 11101",True,True,True,False,False,150,2550,False,Monday – Friday 8:30am to 5:00pm,https://www.nyc.gov/site/hra/locations/snap-locations.page
snap-office-support-rockaway-snap-center,Rockaway SNAP Center,SNAP office support,HRA,Queens,"219 Beach 59th Street, 1st Fl., Rockaway, NY 11692",True,True,True,False,False,150,2550,False,Monday – Friday 8:30am to 5:00pm,https://www.nyc.gov/site/hra/locations/snap-locations.page
snap-office-support-richmond-snap-center,Richmond SNAP Center,SNAP office support,HRA,Staten Island,"201 Bay Street, 2nd Fl., Staten Island, NY 10301",True,True,True,False,False,150,2550,False,Monday – Friday 8:30am to 5:00pm,https://www.nyc.gov/site/hra/locations/snap-locations.page
medicaid-office-support-rider-community,Rider Community,Medicaid office support,HRA,Bronx,"305 Rider Avenue, 4th Floor, Bronx, NY 10451",True,True,True,False,False,150,2550,False,Monday – Friday 8:30am to 5:00pm,https://www.nyc.gov/site/hra/locations/medicaid-locations.page
medicaid-office-support-fordham,Fordham,Medicaid office support,HRA,Bronx,"2541-2549 Bainbridge Avenue, 2nd Floor, Bronx, NY 10458",True,False,False,False,False,0,2400,False,Monday – Friday 9:00am to 5:00pm,https://www.nyc.gov/site/hra/locations/medicaid-locations.page
medicaid-office-support-coney-island,Coney Island,Medicaid office support,HRA,Brooklyn,"1912 Mermaid Avenue, Brooklyn, NY 11224",True,False,False,False,False,0,2400,False,Monday – Friday 9:00am to 5:00pm,https://www.nyc.gov/site/hra/locations/medicaid-locations.page
medicaid-office-support-east-new-york,East New York,Medicaid office support,HRA,Brooklyn,"2400 Fulton Street, 3rd & 4th Floor, Brooklyn, NY 11233",True,True,True,False,False,150,2550,False,Monday – Friday 8:30am to 5:00pm,https://www.nyc.gov/site/hra/locations/medicaid-locations.page
medicaid-office-support-brooklyn-south,Brooklyn South,Medicaid office support,HRA,Brooklyn,"495 Clermont Avenue, 4th Floor, Brooklyn, NY 11238",True,True,True,False,False,150,2550,False,Monday – Friday 8:30am to 5:00pm,https://www.nyc.gov/site/hra/locations/medicaid-locations.page
medicaid-office-support-chinatown,Chinatown,Medicaid office support,HRA,Manhattan,"115 Chrystie Street, 5th Floor, New York, NY 10002",True,False,False,False,False,0,2400,False,Monday – Friday 9:00am to 5:00pm,https://www.nyc.gov/site/hra/locations/medicaid-locations.page
medicaid-office-support-dyckman-community,Dyckman Community,Medicaid office support,HRA,Manhattan,"4055 10th Avenue, Lower Level, New York, NY  10034",True,True,True,False,False,150,2550,False,Monday – Friday 8:30am to 5:00pm,https://www.nyc.gov/site/hra/locations/medicaid-locations.page
medicaid-office-support-queens-community,Queens Community,Medicaid office support,HRA,Queens,"32-20 Northern Boulevard, 3rd Floor, Queens, NY 11101",True,True,True,False,False,150,2550,False,Monday – Friday 8:30am to 5:00pm,https://www.nyc.gov/site/hra/locations/medicaid-locations.page
medicaid-office-support-jamaica-community,Jamaica Community,Medicaid office support,HRA,Queens,"165-08 88th Avenue, 8th Floor, Jamaica, NY  11432",True,False,False,False,False,0,2400,False,Monday - Friday 9:00am to 5:00pm,https://www.nyc.gov/site/hra/locations/medicaid-locations.page
medicaid-office-support-staten-island,Staten Island,Medicaid office support,HRA,Staten Island,"215 Bay Street, Staten Island, NY 10301",True,False,False,False,False,0,2400,False,Monday – Friday 9:00am to 5:00pm,https://www.nyc.gov/site/hra/locations/medicaid-locations.page
school-enrollment-help-fordham-family-welcome-center,Fordham Family Welcome Center,School enrollment help,NYC Public Schools,Bronx,"1 Fordham Plaza, 7th Floor, Bronx NY 10458",True,True,True,False,False,300,2580,False,Monday - Thursday: 8 AM - 5 PM; Friday: 8 AM - 3 PM,https://portal.311.nyc.gov/article/?kanumber=KA-03128
school-enrollment-help-zerega-family-welcome-center,Zerega Family Welcome Center,School enrollment help,NYC Public Schools,Bronx,"1230 Zerega Avenue, Room 24, Bronx, NY 10462",True,True,True,False,False,300,2580,False,Monday - Thursday: 8 AM - 5 PM; Friday: 8 AM - 3 PM,https://portal.311.nyc.gov/article/?kanumber=KA-03128
school-enrollment-help-89-street-family-welcome-center,89 Street Family Welcome Center,School enrollment help,NYC Public Schools,Brooklyn,"415 89th Street, 4th Floor, Brooklyn, NY 11209",True,True,True,False,False,300,2580,False,Monday - Thursday: 8 AM - 5 PM; Friday: 8 AM - 3 PM,https://portal.311.nyc.gov/article/?kanumber=KA-03128
school-enrollment-help-st-marks-family-welcome-center,St. Marks Family Welcome Center,School enrollment help,NYC Public Schools,Brooklyn,"1665 St. Marks Avenue, Room 116, Brooklyn, NY 11233",True,True,True,False,False,300,2580,False,Monday - Thursday: 8 AM - 5 PM; Friday: 8 AM - 3 PM,https://portal.311.nyc.gov/article/?kanumber=KA-03128
school-enrollment-help-ocean-avenue-family-welcome-center,Ocean Avenue Family Welcome Center,School enrollment help,NYC Public Schools,Brooklyn,"1780 Ocean Avenue, 3rd Floor, Brooklyn, NY 11230",True,True,True,False,False,300,2580,False,Monday - Thursday: 8 AM - 5 PM; Friday: 8 AM - 3 PM,https://portal.311.nyc.gov/article/?kanumber=KA-03128
school-enrollment-help-333-7th-avenue-family-welcome-center,333 7th Avenue Family Welcome Center,School enrollment help,NYC Public Schools,Manhattan,"333 Seventh Avenue, 12th Floor, Room 1211, New York, NY 10001",True,True,True,False,False,300,2580,False,Monday - Thursday: 8 AM - 5 PM; Friday: 8 AM - 3 PM,https://portal.311.nyc.gov/article/?kanumber=KA-03128
school-enrollment-help-morningside-family-welcome-center,Morningside Family Welcome Center,School enrollment help,NYC Public Schools,Manhattan,"123 Morningside Drive, Room 235, New York, NY 10027",True,True,True,False,False,300,2430,False,Monday - Thursday: 8 AM - 5 PM; Friday: 8 AM - 3 PM; closed 13:00–13:30,https://portal.311.nyc.gov/article/?kanumber=KA-03128
school-enrollment-help-sutphin-family-welcome-center,Sutphin Family Welcome Center,School enrollment help,NYC Public Schools,Queens,"90-27 Sutphin Boulevard, 1st Floor, Jamaica, NY 11435",True,True,True,False,False,300,2580,False,Monday - Thursday: 8 AM - 5 PM; Friday: 8 AM - 3 PM,https://portal.311.nyc.gov/article/?kanumber=KA-03128
school-enrollment-help-linden-family-welcome-center,Linden Family Welcome Center,School enrollment help,NYC Public Schools,Queens,"30-48 Linden Place, Flushing, NY, 11354",True,True,True,False,False,300,2580,False,Monday - Thursday: 8 AM - 5 PM; Friday: 8 AM - 3 PM,https://portal.311.nyc.gov/article/?kanumber=KA-03128
school-enrollment-help-queens-plaza-north-family-welcome-center,Queens Plaza North Family Welcome Center,School enrollment help,NYC Public Schools,Queens,"28-11 Queens Plaza North, 3rd Floor, Long Island City, NY 11101",True,True,True,False,False,300,2580,False,Monday - Thursday: 8 AM - 5 PM; Friday: 8 AM - 3 PM,https://portal.311.nyc.gov/article/?kanumber=KA-03128
school-enrollment-help-bay-street-welcome-center,Bay Street Welcome Center,School enrollment help,NYC Public Schools,Staten Island,"365 Bay Street, Staten Island, NY, 10301",True,True,True,False,False,300,2580,False,Monday - Thursday: 8 AM - 5 PM; Friday: 8 AM - 3 PM,https://portal.311.nyc.gov/article/?kanumber=KA-03128
marriage-license-bronx-city-clerk,Bronx City Clerk,Marriage license,City Clerk,Bronx,"851 Grand Concourse, Room B131",True,True,True,False,False,150,2250,False,Mon–Fri 08:30–16:00,https://portal.311.nyc.gov/article/?kanumber=KA-02115
marriage-license-brooklyn-city-clerk,Brooklyn City Clerk,Marriage license,City Clerk,Brooklyn,"210 Joralemon Street, Room 205",True,True,True,False,False,150,2250,False,Mon–Fri 08:30–16:00,https://portal.311.nyc.gov/article/?kanumber=KA-02115
marriage-license-manhattan-city-clerk,Manhattan City Clerk,Marriage license,City Clerk,Manhattan,141 Worth Street,True,True,True,False,False,150,2175,False,Mon–Fri 08:30–15:45,https://portal.311.nyc.gov/article/?kanumber=KA-02115
marriage-license-queens-city-clerk,Queens City Clerk,Marriage license,City Clerk,Queens,"120-55 Queens Boulevard, Room G-100",True,True,True,False,False,150,2250,False,Mon–Fri 08:30–16:00,https://portal.311.nyc.gov/article/?kanumber=KA-02115
marriage-license-staten-island-city-clerk,Staten Island City Clerk,Marriage license,City Clerk,Staten Island,"10 Richmond Terrace, Room 311",True,True,True,False,False,150,2250,False,Mon–Fri 08:30–16:00,https://portal.311.nyc.gov/article/?kanumber=KA-02115
sexual-health-clinic-morrisania-sexual-health-clinic,Morrisania Sexual Health Clinic,Sexual health clinic,NYC Health,Bronx,"1309 Fulton Avenue, 2nd Floor",True,True,True,False,False,150,2100,False,Mon–Fri 08:30–15:30,https://www.nyc.gov/site/doh/services/sexual-health-clinics.page
sexual-health-clinic-jamaica-sexual-health-clinic,Jamaica Sexual Health Clinic,Sexual health clinic,NYC Health,Queens,"90-37 Parsons Boulevard, 1st Floor",True,True,True,False,False,150,2100,False,Mon–Fri 08:30–15:30,https://www.nyc.gov/site/doh/services/sexual-health-clinics.page
sexual-health-clinic-corona-sexual-health-clinic,Corona Sexual Health Clinic,Sexual health clinic,NYC Health,Queens,"34-33 Junction Boulevard, 1st Floor",True,True,True,True,False,285,2325,False,Mon–Fri 08:30–15:30; Thursday until 19:15,https://www.nyc.gov/site/doh/services/sexual-health-clinics.page
sexual-health-clinic-fort-greene-sexual-health-clinic,Fort Greene Sexual Health Clinic,Sexual health clinic,NYC Health,Brooklyn,"295 Flatbush Avenue Extension, 2nd Floor",True,True,True,False,False,150,2100,False,Mon–Fri 08:30–15:30,https://www.nyc.gov/site/doh/services/sexual-health-clinics.page
express-sti-testing-fort-greene-express-clinic,Fort Greene Express Clinic,Express STI testing,NYC Health,Brooklyn,"295 Flatbush Avenue Extension, 1st Floor",True,True,True,True,False,270,2310,False,Mon–Fri 08:30–15:30; Tuesday until 19:00,https://www.nyc.gov/site/doh/services/sexual-health-clinics.page
sexual-health-clinic-chelsea-sexual-health-clinic,Chelsea Sexual Health Clinic,Sexual health clinic,NYC Health,Manhattan,"303 9th Avenue, 1st Floor",True,True,True,False,False,150,2100,False,Mon–Fri 08:30–15:30,https://www.nyc.gov/site/doh/services/sexual-health-clinics.page
express-sti-testing-chelsea-express-clinic,Chelsea Express Clinic,Express STI testing,NYC Health,Manhattan,"303 9th Avenue, 1st Floor",True,True,True,True,False,270,2310,False,Mon–Fri 08:30–15:30; Tuesday until 19:00,https://www.nyc.gov/site/doh/services/sexual-health-clinics.page
sexual-health-clinic-central-harlem-sexual-health-clinic,Central Harlem Sexual Health Clinic,Sexual health clinic,NYC Health,Manhattan,"2238 Fifth Avenue, 1st Floor",True,True,True,False,False,150,2100,False,Mon–Fri 08:30–15:30,https://www.nyc.gov/site/doh/services/sexual-health-clinics.page
tb-clinic-visit-morrisania-chest-center,Morrisania Chest Center,TB clinic visit,NYC Health,Bronx,"1309 Fulton Avenue, 1st Floor",True,True,True,False,False,150,2400,False,Mon–Fri 08:30–16:30,https://www.nyc.gov/site/doh/services/tuberculosis-chest-centers.page
tb-clinic-visit-fort-greene-chest-center,Fort Greene Chest Center,TB clinic visit,NYC Health,Brooklyn,"295 Flatbush Avenue Extension, 4th Floor",True,True,True,False,False,150,2400,False,Mon–Fri 08:30–16:30,https://www.nyc.gov/site/doh/services/tuberculosis-chest-centers.page
tb-clinic-visit-corona-chest-center,Corona Chest Center,TB clinic visit,NYC Health,Queens,34-33 Junction Boulevard,True,True,True,False,False,150,2400,False,Mon–Fri 08:30–16:30,https://www.nyc.gov/site/doh/services/tuberculosis-chest-centers.page
finance-counter-service-manhattan-business-center,Manhattan Business Center,Finance counter service,Department of Finance,Manhattan,"66 John Street, 2nd Floor",True,True,True,False,False,150,2400,False,Mon–Fri 08:30–16:30,https://www.nyc.gov/site/finance/about/contact-us-visit-manhattan.page
finance-counter-service-bronx-business-center,Bronx Business Center,Finance counter service,Department of Finance,Bronx,"3030 Third Avenue, 2nd Floor",True,True,True,False,False,150,2400,False,Mon–Fri 08:30–16:30,https://www.nyc.gov/site/finance/about/contact-us-visit-bronx.page
finance-counter-service-brooklyn-business-center,Brooklyn Business Center,Finance counter service,Department of Finance,Brooklyn,210 Joralemon Street,True,True,True,False,False,150,2400,False,Mon–Fri 08:30–16:30,https://www.nyc.gov/site/finance/about/contact-us-visit-brooklyn.page
finance-counter-service-queens-business-center,Queens Business Center,Finance counter service,Department of Finance,Queens,144-06 94th Avenue,True,True,True,False,False,150,2400,False,Mon–Fri 08:30–16:30,https://www.nyc.gov/site/finance/about/contact-us-visit-queens.page
finance-counter-service-staten-island-business-center,Staten Island Business Center,Finance counter service,Department of Finance,Staten Island,350 St. Marks Place,True,True,True,False,False,150,2400,False,Mon–Fri 08:30–16:30,https://www.nyc.gov/site/finance/about/contact-us-visit-statenisland.page
cash-bail-court-trust-counter-manhattan-cash-bail-court-and-trust,Manhattan Cash Bail & Court and Trust,Cash bail / court & trust counter,Department of Finance,Manhattan,"66 John Street, 2nd Floor",True,False,False,False,False,0,900,False,Monday and Tuesday 09:00–16:30,https://www.nyc.gov/site/finance/about/contact-us-visit-manhattan.page
non-criminal-fingerprints-nypd-certificate-of-conduct-fingerprint-unit,NYPD Certificate of Conduct & Fingerprint Unit,Non-criminal fingerprints,NYPD,Manhattan,"One Police Plaza, Room 152-A",True,False,False,False,False,0,2100,False,Mon–Fri 09:00–16:00,https://www.nyc.gov/site/nypd/services/law-enforcement/record-requests.page
child-support-services-bronx-borough-office,Bronx Borough Office,Child support services,HRA / OCSS,Bronx,"894 Garrison Avenue, Bronx, NY 10474",True,True,True,False,False,150,2550,False,Monday - Friday 8:30am to 5:00pm,https://www.nyc.gov/site/hra/locations/ocss-locations.page
child-support-services-bronx-family-court,Bronx Family Court,Child support services,HRA / OCSS,Bronx,"900 Sheridan Avenue, LM Floor, Bronx, NY 10451",True,False,False,False,False,0,2400,False,Monday - Friday 9:00am to 5:00pm,https://www.nyc.gov/site/hra/locations/ocss-locations.page
child-support-services-brooklyn-borough-office,Brooklyn Borough Office,Child support services,HRA / OCSS,Brooklyn,"2400 Fulton Street,, 4th Floor, Brooklyn, NY 11233",True,True,True,False,False,150,2550,False,Monday - Friday 8:30am to 5:00pm,https://www.nyc.gov/site/hra/locations/ocss-locations.page
child-support-services-kings-county-family-court,Kings County Family Court,Child support services,HRA / OCSS,Brooklyn,"330 Jay Street, 12th Floor, Brooklyn, NY 11201",True,False,False,False,False,0,2400,False,Monday - Friday 9:00am to 5:00pm,https://www.nyc.gov/site/hra/locations/ocss-locations.page
child-support-services-customer-services-walk-in-center,Customer Services Walk-In Center,Child support services,HRA / OCSS,Manhattan,"151 W. Broadway, 4th Floor, New York, NY 10013",True,True,True,True,False,600,3000,False,Monday - Friday 8:00am to 6:00pm,https://www.nyc.gov/site/hra/locations/ocss-locations.page
child-support-services-manhattan-staten-island-borough-office,Manhattan/Staten Island Borough Office,Child support services,HRA / OCSS,Manhattan,"115 Chrystie Street, 3rd Floor, New York, NY 10002",True,True,True,False,False,150,2550,False,Monday - Friday 8:30am to 5:00pm,https://www.nyc.gov/site/hra/locations/ocss-locations.page
child-support-services-manhattan-family-court,Manhattan Family Court,Child support services,HRA / OCSS,Manhattan,"60 Lafayette Street, 1st Floor, New York, NY 10013",True,False,False,False,False,0,2400,False,Monday - Friday 9:00am to 5:00pm,https://www.nyc.gov/site/hra/locations/ocss-locations.page
child-support-services-queens-borough-office,Queens Borough Office,Child support services,HRA / OCSS,Queens,"165-08 88th Avenue, 6th Fl., Jamaica, NY 11432",True,True,True,False,False,150,2550,False,Monday - Friday 8:30am to 5:00pm,https://www.nyc.gov/site/hra/locations/ocss-locations.page
child-support-services-queens-family-court,Queens Family Court,Child support services,HRA / OCSS,Queens,"151-20 Jamaica Avenue, 4th Floor, Queens, NY 11432",True,False,False,False,False,0,2400,False,Monday - Friday 9:00am to 5:00pm,https://www.nyc.gov/site/hra/locations/ocss-locations.page
child-support-services-richmond-county-family-court,Richmond County Family Court,Child support services,HRA / OCSS,Staten Island,"18 Richmond Terrace, Staten Island, NY 10301",True,False,False,False,False,0,2400,False,Monday - Friday 9:00am to 5:00pm,https://www.nyc.gov/site/hra/locations/ocss-locations.page
homebase-housing-support-mott-haven-630-jackson-avenue,Mott Haven — 630 Jackson Avenue,Homebase housing support,HRA / Homebase providers,Bronx,630 Jackson Avenue,False,,,,,,,False,Location-specific hours not published in this directory,https://www.nyc.gov/site/hra/help/homebase-locations.page
homebase-housing-support-grand-concourse-1130-grand-concourse,Grand Concourse — 1130 Grand Concourse,Homebase housing support,HRA / Homebase providers,Bronx,1130 Grand Concourse,False,,,,,,,False,Location-specific hours not published in this directory,https://www.nyc.gov/site/hra/help/homebase-locations.page
homebase-housing-support-unionport-2155-blackrock-avenue,Unionport — 2155 Blackrock Avenue,Homebase housing support,HRA / Homebase providers,Bronx,2155 Blackrock Avenue,False,,,,,,,False,Location-specific hours not published in this directory,https://www.nyc.gov/site/hra/help/homebase-locations.page
homebase-housing-support-hunts-point-890-garrison-avenue,Hunts Point — 890 Garrison Avenue,Homebase housing support,HRA / Homebase providers,Bronx,890 Garrison Avenue,False,,,,,,,False,Location-specific hours not published in this directory,https://www.nyc.gov/site/hra/help/homebase-locations.page
homebase-housing-support-bronxdale-2901-whiteplains-road,Bronxdale — 2901 Whiteplains Road,Homebase housing support,HRA / Homebase providers,Bronx,2901 Whiteplains Road,False,,,,,,,False,Location-specific hours not published in this directory,https://www.nyc.gov/site/hra/help/homebase-locations.page
homebase-housing-support-woodlawn-4377-bronx-boulevard,Woodlawn — 4377 Bronx Boulevard,Homebase housing support,HRA / Homebase providers,Bronx,4377 Bronx Boulevard,False,,,,,,,False,Location-specific hours not published in this directory,https://www.nyc.gov/site/hra/help/homebase-locations.page
homebase-housing-support-williamsbridge-815-burke-avenue,Williamsbridge — 815 Burke Avenue,Homebase housing support,HRA / Homebase providers,Bronx,"815 Burke Avenue, Bronx NY 10467",False,,,,,,,False,Location-specific hours not published in this directory,https://www.nyc.gov/site/hra/help/homebase-locations.page
homebase-housing-support-mount-hope-1780-grand-concourse,Mount Hope — 1780 Grand Concourse,Homebase housing support,HRA / Homebase providers,Bronx,1780 Grand Concourse,False,,,,,,,False,Location-specific hours not published in this directory,https://www.nyc.gov/site/hra/help/homebase-locations.page
homebase-housing-support-parkchester-1860-east-tremont-avenue,Parkchester — 1860 East Tremont Avenue,Homebase housing support,HRA / Homebase providers,Bronx,1860 East Tremont Avenue,False,,,,,,,False,Location-specific hours not published in this directory,https://www.nyc.gov/site/hra/help/homebase-locations.page
homebase-housing-support-bedford-stuyvesant-1958-fulton-street,Bedford-Stuyvesant — 1958 Fulton Street,Homebase housing support,HRA / Homebase providers,Brooklyn,1958 Fulton Street,False,,,,,,,False,Location-specific hours not published in this directory,https://www.nyc.gov/site/hra/help/homebase-locations.page
homebase-housing-support-crown-heights-1117-eastern-parkway,Crown Heights — 1117 Eastern Parkway,Homebase housing support,HRA / Homebase providers,Brooklyn,1117 Eastern Parkway,False,,,,,,,False,Location-specific hours not published in this directory,https://www.nyc.gov/site/hra/help/homebase-locations.page
homebase-housing-support-flatbush-2244-church-avenue,Flatbush — 2244 Church Avenue,Homebase housing support,HRA / Homebase providers,Brooklyn,2244 Church Avenue,False,,,,,,,False,Location-specific hours not published in this directory,https://www.nyc.gov/site/hra/help/homebase-locations.page
homebase-housing-support-east-flatbush-1900a-ralph-avenue,East Flatbush — 1900A Ralph Avenue,Homebase housing support,HRA / Homebase providers,Brooklyn,1900A Ralph Avenue,False,,,,,,,False,Location-specific hours not published in this directory,https://www.nyc.gov/site/hra/help/homebase-locations.page
homebase-housing-support-east-new-york-3060-fulton-street,East New York — 3060 Fulton Street,Homebase housing support,HRA / Homebase providers,Brooklyn,3060 Fulton Street,False,,,,,,,False,Location-specific hours not published in this directory,https://www.nyc.gov/site/hra/help/homebase-locations.page
homebase-housing-support-east-new-york-560-livonia-avenue,East New York — 560 Livonia Avenue,Homebase housing support,HRA / Homebase providers,Brooklyn,560 Livonia Avenue,False,,,,,,,False,Location-specific hours not published in this directory,https://www.nyc.gov/site/hra/help/homebase-locations.page
homebase-housing-support-bushwick-535-bushwick-avenue,Bushwick — 535 Bushwick Avenue,Homebase housing support,HRA / Homebase providers,Brooklyn,535 Bushwick Avenue,False,,,,,,,False,Location-specific hours not published in this directory,https://www.nyc.gov/site/hra/help/homebase-locations.page
homebase-housing-support-bushwick-north-380-grove-street,Bushwick North — 380 Grove Street,Homebase housing support,HRA / Homebase providers,Brooklyn,"380 Grove Street, 1st Floor",False,,,,,,,False,Location-specific hours not published in this directory,https://www.nyc.gov/site/hra/help/homebase-locations.page
homebase-housing-support-brownsville-145-east-98th-street,Brownsville — 145 East 98th Street,Homebase housing support,HRA / Homebase providers,Brooklyn,145 East 98th Street,False,,,,,,,False,Location-specific hours not published in this directory,https://www.nyc.gov/site/hra/help/homebase-locations.page
homebase-housing-support-brownsville-1875-broadway,Brownsville — 1875 Broadway,Homebase housing support,HRA / Homebase providers,Brooklyn,"1875 Broadway, 1st fl",False,,,,,,,False,Location-specific hours not published in this directory,https://www.nyc.gov/site/hra/help/homebase-locations.page
homebase-housing-support-washington-heights-516-west-181st-st,Washington Heights — 516 West 181st St,Homebase housing support,HRA / Homebase providers,Manhattan,"516 West 181st St, 4th Floor",False,,,,,,,False,Location-specific hours not published in this directory,https://www.nyc.gov/site/hra/help/homebase-locations.page
homebase-housing-support-east-harlem-2322-3rd-avenue,East Harlem — 2322 3rd Avenue,Homebase housing support,HRA / Homebase providers,Manhattan,"2322 3rd Avenue, 3rd Floor",False,,,,,,,False,Location-specific hours not published in this directory,https://www.nyc.gov/site/hra/help/homebase-locations.page
homebase-housing-support-jamaica-161-10-jamaica-avenue,Jamaica — 161-10 Jamaica Avenue,Homebase housing support,HRA / Homebase providers,Queens,"161-10 Jamaica Avenue, 5th Floor",False,,,,,,,False,Location-specific hours not published in this directory,https://www.nyc.gov/site/hra/help/homebase-locations.page
homebase-housing-support-st-george-120-stuyvesant-place,St. George — 120 Stuyvesant Place,Homebase housing support,HRA / Homebase providers,Staten Island,"120 Stuyvesant Place, 4th Floor, Suite 413",False,,,,,,,False,Location-specific hours not published in this directory,https://www.nyc.gov/site/hra/help/homebase-locations.page
homebase-housing-support-tompkinsville-209-bay-street,Tompkinsville — 209 Bay Street,Homebase housing support,HRA / Homebase providers,Staten Island,209 Bay Street,False,,,,,,,False,Location-specific hours not published in this directory,https://www.nyc.gov/site/hra/help/homebase-locations.page
workforce1-career-help-bronx-workforce1-career-center,Bronx Workforce1 Career Center,Workforce1 career help,SBS / Workforce1,Bronx,"400 East Fordham Road, 8th Floor (entrance on Webster Avenue), Bronx, NY 10458",False,,,,,,,False,Center-specific hours not published in this directory,https://www.nyc.gov/site/sbs/careers/wf1-career-centers.page
workforce1-career-help-hunts-point-workforce1-career-center,Hunts Point Workforce1 Career Center,Workforce1 career help,SBS / Workforce1,Bronx,"1029 East 163rd Street, 3rd Floor, Bronx, NY 10459",False,,,,,,,False,Center-specific hours not published in this directory,https://www.nyc.gov/site/sbs/careers/wf1-career-centers.page
workforce1-career-help-west-farms-workforce1-career-center,West Farms Workforce1 Career Center,Workforce1 career help,SBS / Workforce1,Bronx,"901 East Tremont Avenue, 2nd Floor, Bronx, NY 10460",False,,,,,,,False,Center-specific hours not published in this directory,https://www.nyc.gov/site/sbs/careers/wf1-career-centers.page
workforce1-career-help-bronx-workforce1-industrial-transportation-career-center,Bronx Workforce1 Industrial & Transportation Career Center,Workforce1 career help,SBS / Workforce1,Bronx,"14 Bruckner Boulevard, 3rd Floor, Bronx, NY 10454",False,,,,,,,False,Center-specific hours not published in this directory,https://www.nyc.gov/site/sbs/careers/wf1-career-centers.page
workforce1-career-help-brooklyn-workforce1-career-center,Brooklyn Workforce1 Career Center,Workforce1 career help,SBS / Workforce1,Brooklyn,"9 Bond Street, 5th Floor, Brooklyn, NY 11201",False,,,,,,,False,Center-specific hours not published in this directory,https://www.nyc.gov/site/sbs/careers/wf1-career-centers.page
workforce1-career-help-east-new-york-workforce1-career-center,East New York Workforce1 Career Center,Workforce1 career help,SBS / Workforce1,Brooklyn,"2617 Atlantic Avenue, Brooklyn, NY 11207",False,,,,,,,False,Center-specific hours not published in this directory,https://www.nyc.gov/site/sbs/careers/wf1-career-centers.page
workforce1-career-help-brooklyn-workforce1-industrial-transportation-career-center,Brooklyn Workforce1 Industrial & Transportation Career Center,Workforce1 career help,SBS / Workforce1,Brooklyn,"Brooklyn Army Terminal, 140 58th Street, Building B Lobby, Brooklyn, NY 11220",False,,,,,,,False,Center-specific hours not published in this directory,https://www.nyc.gov/site/sbs/careers/wf1-career-centers.page
workforce1-career-help-upper-manhattan-workforce1-career-center,Upper Manhattan Workforce1 Career Center,Workforce1 career help,SBS / Workforce1,Manhattan,"215 West 125th Street, 6th Floor, New York, NY 10027",False,,,,,,,False,Center-specific hours not published in this directory,https://www.nyc.gov/site/sbs/careers/wf1-career-centers.page
workforce1-career-help-washington-heights-workforce1-career-center,Washington Heights Workforce1 Career Center,Workforce1 career help,SBS / Workforce1,Manhattan,"516 West 181st Street, 5th Floor, New York, NY 10033",False,,,,,,,False,Center-specific hours not published in this directory,https://www.nyc.gov/site/sbs/careers/wf1-career-centers.page
workforce1-career-help-healthcare-workforce1-career-center,Healthcare Workforce1 Career Center,Workforce1 career help,SBS / Workforce1,Manhattan,"14 Wall Street, 17th Floor, New York, NY 10005",False,,,,,,,False,Center-specific hours not published in this directory,https://www.nyc.gov/site/sbs/careers/wf1-career-centers.page
workforce1-career-help-queens-workforce1-career-center,Queens Workforce1 Career Center,Workforce1 career help,SBS / Workforce1,Queens,"168-25 Jamaica Avenue, 2nd Floor, Jamaica, NY 11432",False,,,,,,,False,Center-specific hours not published in this directory,https://www.nyc.gov/site/sbs/careers/wf1-career-centers.page
workforce1-career-help-far-rockaway-workforce1-career-center,Far Rockaway Workforce1 Career Center,Workforce1 career help,SBS / Workforce1,Queens,"57-17 Rockaway Beach Boulevard, Arvene, NY 11692",False,,,,,,,False,Center-specific hours not published in this directory,https://www.nyc.gov/site/sbs/careers/wf1-career-centers.page
workforce1-career-help-flushing-workforce1-career-center,Flushing Workforce1 Career Center,Workforce1 career help,SBS / Workforce1,Queens,"41-17 Main Street, 3rd Floor, Flushing, NY 11355",False,,,,,,,False,Center-specific hours not published in this directory,https://www.nyc.gov/site/sbs/careers/wf1-career-centers.page
workforce1-career-help-workforce1-industrial-transportation-career-center,Workforce1 Industrial & Transportation Career Center,Workforce1 career help,SBS / Workforce1,Queens,"168-46 91 Avenue, 2nd Floor, Jamaica, NY 11432",False,,,,,,,False,Center-specific hours not published in this directory,https://www.nyc.gov/site/sbs/careers/wf1-career-centers.page
workforce1-career-help-long-island-city-workforce1-industrial-transportation-career-center,Long Island City Workforce1 Industrial & Transportation Career Center,Workforce1 career help,SBS / Workforce1,Queens,"47-10 Austell Place, Long Island City, NY 11101",False,,,,,,,False,Center-specific hours not published in this directory,https://www.nyc.gov/site/sbs/careers/wf1-career-centers.page
workforce1-career-help-staten-island-workforce1-career-center,Staten Island Workforce1 Career Center,Workforce1 career help,SBS / Workforce1,Staten Island,"120 Stuyvesant Place, 3rd Floor, Staten Island, NY 10301",False,,,,,,,False,Center-specific hours not published in this directory,https://www.nyc.gov/site/sbs/careers/wf1-career-centers.page
workforce1-career-help-staten-island-workforce1-industrial-transportation-career-center,Staten Island Workforce1 Industrial & Transportation Career Center,Workforce1 career help,SBS / Workforce1,Staten Island,"120 Stuyvesant Place, 3rd Floor, Staten Island, NY 10301",False,,,,,,,False,Center-specific hours not published in this directory,https://www.nyc.gov/site/sbs/careers/wf1-career-centers.page
fjc-manhattan,Manhattan Family Justice Center,Family Justice Center support,Mayor’s Office to End Domestic and Gender-Based Violence,Manhattan,"80 Centre Street, 5th Floor, New York, NY 10013",True,False,False,False,False,0,2400,False,"Monday–Friday, 9 AM–5 PM",https://www.nyc.gov/assets/ocdv/downloads/pdf/Accessible_2025-ENDGBDV-FJC-One-Pager_5-9-25-EDIT-FINAL_071725.pdf
fjc-brooklyn,Brooklyn Family Justice Center,Family Justice Center support,Mayor’s Office to End Domestic and Gender-Based Violence,Brooklyn,"350 Jay Street, 15th Floor, Brooklyn, NY 11201",True,False,False,False,False,0,2400,False,"Monday–Friday, 9 AM–5 PM",https://www.nyc.gov/assets/ocdv/downloads/pdf/Accessible_2025-ENDGBDV-FJC-One-Pager_5-9-25-EDIT-FINAL_071725.pdf
fjc-queens,Queens Family Justice Center,Family Justice Center support,Mayor’s Office to End Domestic and Gender-Based Violence,Queens,"126-02 82nd Avenue, Kew Gardens, NY 11415",True,False,False,False,False,0,2400,False,"Monday–Friday, 9 AM–5 PM",https://www.nyc.gov/assets/ocdv/downloads/pdf/Accessible_2025-ENDGBDV-FJC-One-Pager_5-9-25-EDIT-FINAL_071725.pdf
fjc-bronx,Bronx Family Justice Center,Family Justice Center support,Mayor’s Office to End Domestic and Gender-Based Violence,Bronx,"198 E. 161st Street, 2nd Floor, Bronx, NY 10451",True,False,False,False,False,0,2400,False,"Monday–Friday, 9 AM–5 PM",https://www.nyc.gov/assets/ocdv/downloads/pdf/Accessible_2025-ENDGBDV-FJC-One-Pager_5-9-25-EDIT-FINAL_071725.pdf
fjc-staten-island,Staten Island Family Justice Center,Family Justice Center support,Mayor’s Office to End Domestic and Gender-Based Violence,Staten Island,"126 Stuyvesant Place, Staten Island, NY 10301",True,False,False,False,False,0,2400,False,"Monday–Friday, 9 AM–5 PM",https://www.nyc.gov/assets/ocdv/downloads/pdf/Accessible_2025-ENDGBDV-FJC-One-Pager_5-9-25-EDIT-FINAL_071725.pdf
dob-bronx,Bronx Buildings Borough Office,Building and property customer service,Department of Buildings,Bronx,"1775 Grand Concourse, 5th Floor, Bronx, NY 10453",True,True,True,False,False,150,2250,True,Weekdays 8:30 AM–4 PM; cashier/record-room tickets stop 3:45 PM. First and third Tuesday: Buildings After Hours 4–7 PM (limited services).,https://www.nyc.gov/site/buildings/dob/office-locations.page
dob-brooklyn,Brooklyn Buildings Borough Office,Building and property customer service,Department of Buildings,Brooklyn,"345 Adams Street, 3rd Floor, Brooklyn, NY 11201",True,True,True,False,False,150,2250,True,Weekdays 8:30 AM–4 PM; cashier/record-room tickets stop 3:45 PM. First and third Tuesday: Buildings After Hours 4–7 PM (limited services).,https://www.nyc.gov/site/buildings/dob/office-locations.page
dob-manhattan,Manhattan Buildings Borough Office,Building and property customer service,Department of Buildings,Manhattan,"280 Broadway, 1st Floor Customer Service, New York, NY 10007",True,True,True,False,False,150,2250,True,Weekdays 8:30 AM–4 PM; cashier/record-room tickets stop 3:45 PM. First and third Tuesday: Buildings After Hours 4–7 PM (limited services).,https://www.nyc.gov/site/buildings/dob/office-locations.page
dob-queens,Queens Buildings Borough Office,Building and property customer service,Department of Buildings,Queens,"120-55 Queens Boulevard, Kew Gardens, NY 11424",True,True,True,False,False,150,2250,True,Weekdays 8:30 AM–4 PM; cashier/record-room tickets stop 3:45 PM. First and third Tuesday: Buildings After Hours 4–7 PM (limited services).,https://www.nyc.gov/site/buildings/dob/office-locations.page
dob-staten-island,Staten Island Buildings Borough Office,Building and property customer service,Department of Buildings,Staten Island,"10 Richmond Terrace, 2nd Floor, Staten Island, NY 10301",True,True,True,False,False,150,2250,True,Weekdays 8:30 AM–4 PM; cashier/record-room tickets stop 3:45 PM. First and third Tuesday: Buildings After Hours 4–7 PM (limited services).,https://www.nyc.gov/site/buildings/dob/office-locations.page
oath-manhattan,Manhattan OATH Hearings Division,Administrative summons hearing,Office of Administrative Trials and Hearings,Manhattan,"66 John Street, 10th and 11th Floors, New York, NY 10038",True,True,True,False,False,300,2700,False,"Monday–Friday, 8 AM–5 PM (office hours; hearing time assigned)",https://www.nyc.gov/site/oath/hearings/hearing-in-person.page
oath-brooklyn,Brooklyn OATH Hearings Division,Administrative summons hearing,Office of Administrative Trials and Hearings,Brooklyn,"9 Bond Street, 6th and 7th Floors, Brooklyn, NY 11201",True,True,True,False,False,300,2700,False,"Monday–Friday, 8 AM–5 PM (office hours; hearing time assigned)",https://www.nyc.gov/site/oath/hearings/hearing-in-person.page
oath-bronx,Bronx OATH Hearings Division,Administrative summons hearing,Office of Administrative Trials and Hearings,Bronx,"260 E. 161 Street, 6th Floor, Bronx, NY 10451",True,True,True,False,False,300,2700,False,"Monday–Friday, 8 AM–5 PM (office hours; hearing time assigned)",https://www.nyc.gov/site/oath/hearings/hearing-in-person.page
oath-queens,Queens OATH Hearings Division,Administrative summons hearing,Office of Administrative Trials and Hearings,Queens,"31-00 47 Avenue, 3rd and 4th Floors, Long Island City, NY 11101",True,True,True,False,False,300,2700,False,"Monday–Friday, 8 AM–5 PM (office hours; hearing time assigned)",https://www.nyc.gov/site/oath/hearings/hearing-in-person.page
oath-staten-island,Staten Island OATH Hearings Division,Administrative summons hearing,Office of Administrative Trials and Hearings,Staten Island,"350 St. Marks Place, Main Floor, Staten Island, NY 10301",True,True,True,False,False,300,2700,False,"Monday–Friday, 8 AM–5 PM (office hours; hearing time assigned)",https://www.nyc.gov/site/oath/hearings/hearing-in-person.page
dcwp-licensing,DCWP Licensing Center,Business licensing appointment,Department of Consumer and Worker Protection,Manhattan,"42 Broadway, Manhattan",True,True,True,False,False,240,1920,False,"Monday–Thursday, 8 AM–4 PM",https://www.nyc.gov/assets/dca/downloads/pdf/businesses/DCWP-Reopening-Flyer-In-Person-Service-By-Appointment.pdf
dcwp-collections,DCWP Collections at Licensing Center,Pay DCWP fines and fees in person,Department of Consumer and Worker Protection,Manhattan,"42 Broadway, Manhattan",True,False,False,False,False,0,420,False,"Friday only, 9 AM–4 PM",https://www.nyc.gov/assets/dca/downloads/pdf/businesses/DCWP-Reopening-Flyer-In-Person-Service-By-Appointment.pdf
sbs-bronx,Bronx NYC Business Solutions Center,Small-business and street-vendor application support,Department of Small Business Services,Bronx,"400 East Fordham Road, 7th Floor, Bronx, NY 10458",True,False,False,False,False,0,2400,False,"Monday–Friday, 9 AM–5 PM",https://www.nyc.gov/site/dca/businesses/faq-general-vendor-licenses.page
sbs-brooklyn,Brooklyn NYC Business Solutions Center,Small-business and street-vendor application support,Department of Small Business Services,Brooklyn,"9 Bond Street, 5th Floor, Brooklyn, NY 11201",True,False,False,False,False,0,2400,False,"Monday–Friday, 9 AM–5 PM",https://www.nyc.gov/site/dca/businesses/faq-general-vendor-licenses.page
sbs-lower-manhattan,Lower Manhattan NYC Business Solutions Center,Small-business and street-vendor application support,Department of Small Business Services,Manhattan,"14 Wall Street, 17th Floor, New York, NY 10005",True,False,False,False,False,0,2400,False,"Monday–Friday, 9 AM–5 PM",https://www.nyc.gov/site/dca/businesses/faq-general-vendor-licenses.page
sbs-upper-manhattan,Upper Manhattan NYC Business Solutions Center,Small-business and street-vendor application support,Department of Small Business Services,Manhattan,"361 West 125th Street, 2nd Floor, New York, NY 10027",True,False,False,False,False,0,2400,False,"Monday–Friday, 9 AM–5 PM",https://www.nyc.gov/site/dca/businesses/faq-general-vendor-licenses.page
sbs-washington-heights,Washington Heights NYC Business Solutions Center,Small-business and street-vendor application support,Department of Small Business Services,Manhattan,"560 West 181st Street, 2nd Floor, New York, NY 10033",True,False,False,False,False,0,2400,False,"Monday–Friday, 9 AM–5 PM",https://www.nyc.gov/site/dca/businesses/faq-general-vendor-licenses.page
sbs-queens,Queens NYC Business Solutions Center,Small-business and street-vendor application support,Department of Small Business Services,Queens,"90-27 Sutphin Boulevard, 4th Floor, Jamaica, NY 11435",True,False,False,False,False,0,2400,False,"Monday–Friday, 9 AM–5 PM",https://www.nyc.gov/site/dca/businesses/faq-general-vendor-licenses.page
sbs-staten-island,Staten Island NYC Business Solutions Center,Small-business and street-vendor application support,Department of Small Business Services,Staten Island,"120 Stuyvesant Place, 3rd Floor, Staten Island, NY 10301",True,False,False,False,False,0,2400,False,"Monday–Friday, 9 AM–5 PM",https://www.nyc.gov/site/dca/businesses/faq-general-vendor-licenses.page
dmv-springfield-gardens,Springfield Gardens DMV,"Driver license, ID and vehicle transactions",New York State Department of Motor Vehicles,Queens,"168-35 ROCKAWAY BLVD, JAMAICA, NY 11434",True,True,True,False,False,450,2850,False,"Monday–Friday, 7:30 AM–5 PM; Saturday closed",https://data.ny.gov/resource/9upz-c7xg.json
dmv-richmond,Richmond DMV,"Driver license, ID and vehicle transactions",New York State Department of Motor Vehicles,Staten Island,"1775 SOUTH AVE, WEST SHORE SHOPPING PLAZA, STATEN ISLAND, NY 10314",True,True,True,False,False,450,2850,False,"Monday–Friday, 7:30 AM–5 PM; Saturday closed",https://data.ny.gov/resource/9upz-c7xg.json
dmv-jamaica,Jamaica DMV,"Driver license, ID and vehicle transactions",New York State Department of Motor Vehicles,Queens,"168-46 91ST AVE, JAMAICA, NY 11432",True,True,True,False,False,450,2850,False,"Monday–Friday, 7:30 AM–5 PM; Saturday closed",https://data.ny.gov/resource/9upz-c7xg.json
dmv-lower-manhattan-greenwich-st,Lower Manhattan - Greenwich St. DMV,"Driver license, ID and vehicle transactions",New York State Department of Motor Vehicles,Manhattan,"11 GREENWICH ST, NEW YORK, NY 10004",True,True,True,False,False,450,2850,False,"Monday–Friday, 7:30 AM–5 PM; Saturday closed",https://data.ny.gov/resource/9upz-c7xg.json
dmv-college-point,College Point DMV,"Driver license, ID and vehicle transactions",New York State Department of Motor Vehicles,Queens,"30-56 WHITESTONE EXPY, FLUSHING, NY 11354",True,True,True,False,False,450,2850,False,"Monday–Friday, 7:30 AM–5 PM; Saturday closed",https://data.ny.gov/resource/9upz-c7xg.json
dmv-midtown-manhattan,Midtown Manhattan DMV,"Driver license, ID and vehicle transactions",New York State Department of Motor Vehicles,Manhattan,"366 WEST 31ST ST, NEW YORK, NY 10001",True,True,True,False,False,450,2850,False,"Monday–Friday, 7:30 AM–5 PM; Saturday closed",https://data.ny.gov/resource/9upz-c7xg.json
dmv-license-express,License Express DMV,"Driver license, ID and vehicle transactions",New York State Department of Motor Vehicles,Manhattan,"145 WEST 30TH ST, NEW YORK, NY 10001",False,,,,,,,False,Verification conflict: NYC311 says closed until further notice; state feed lists weekday hours.,https://data.ny.gov/resource/9upz-c7xg.json
dmv-bronx-district-office,Bronx District Office DMV,"Driver license, ID and vehicle transactions",New York State Department of Motor Vehicles,Bronx,"610 EXTERIOR STREET SUITE B3-02, LEVEL 6, BRONX, NY 10451",True,True,True,False,False,450,2850,False,"Monday–Friday, 7:30 AM–5 PM; Saturday closed",https://data.ny.gov/resource/9upz-c7xg.json
dmv-brooklyn-atlantic-center,Brooklyn - Atlantic Center DMV,"Driver license, ID and vehicle transactions",New York State Department of Motor Vehicles,Brooklyn,"625 ATLANTIC AVE, BROOKLYN, NY 11217",True,True,True,False,False,450,2850,False,"Monday–Friday, 7:30 AM–5 PM; Saturday closed",https://data.ny.gov/resource/9upz-c7xg.json
dmv-brooklyn-coney-island,Brooklyn - Coney Island DMV,"Driver license, ID and vehicle transactions",New York State Department of Motor Vehicles,Brooklyn,"2875 W. 8TH ST, BROOKLYN, NY 11224",True,True,True,False,False,450,2850,False,"Monday–Friday, 7:30 AM–5 PM; Saturday closed",https://data.ny.gov/resource/9upz-c7xg.json
dmv-bronx-license-center,Bronx License Center DMV,"Driver license, ID and vehicle transactions",New York State Department of Motor Vehicles,Bronx,"1350 COMMERCE AVE, BRONX, NY 10461",True,True,True,False,False,450,2850,False,"Monday–Friday, 7:30 AM–5 PM; Saturday closed",https://data.ny.gov/resource/9upz-c7xg.json
dmv-harlem,Harlem DMV,"Driver license, ID and vehicle transactions",New York State Department of Motor Vehicles,Manhattan,"5 WEST 125TH ST, 2ND FLOOR, NEW YORK, NY 10027",True,True,True,False,False,450,2850,False,"Monday–Friday, 7:30 AM–5 PM; Saturday closed",https://data.ny.gov/resource/9upz-c7xg.json
dmv-queens-hall-unverified,Queens Hall License Express DMV,Driver license and ID transactions (verify current service),New York State Department of Motor Vehicles,Queens,"65-21 Main Street, Room 130, Queens",False,,,,,,,False,"NYC311 lists Monday–Friday 7:30 AM–5 PM, but office absent from both downloaded state feeds; current status unverified.",https://portal.311.nyc.gov/article/?kanumber=KA-02056
nycha-ccc-bronx,NYCHA Bronx Customer Contact Center,Public housing / Section 8 customer assistance,NYCHA,Bronx,"478 East Fordham Road (1 Fordham Plaza), 2nd Floor, Bronx, NY 10458",True,True,True,False,False,300,2700,False,Monday–Friday 8 AM–5 PM,https://www.nyc.gov/site/nycha/residents/customer-contact-center.page
nycha-ccc-brooklyn,NYCHA Brooklyn Customer Contact Center,Public housing / Section 8 customer assistance,NYCHA,Brooklyn,"787 Atlantic Avenue, 2nd Floor, Brooklyn, NY 11238",True,True,True,False,False,300,2700,False,Monday–Friday 8 AM–5 PM,https://www.nyc.gov/site/nycha/residents/customer-contact-center.page
boe-executive,Board of Elections Executive Office,Election administration office,NYC Board of Elections,Manhattan,"32–42 Broadway, 7th Floor, New York, NY 10004",True,False,False,False,False,0,2400,False,Monday–Friday 9 AM–5 PM,https://vote.nyc/page/contact-us
boe-bronx,Board of Elections Bronx Office,Election administration office,NYC Board of Elections,Bronx,"1780 Grand Concourse, 5th Floor, Bronx, NY 10457",True,False,False,False,False,0,2400,False,Monday–Friday 9 AM–5 PM,https://vote.nyc/page/contact-us
boe-brooklyn,Board of Elections Brooklyn Office,Election administration office,NYC Board of Elections,Brooklyn,"345 Adams Street, 4th Floor, Brooklyn, NY 11201",True,False,False,False,False,0,2400,False,Monday–Friday 9 AM–5 PM,https://vote.nyc/page/contact-us
boe-queens,Board of Elections Queens Office,Election administration office,NYC Board of Elections,Queens,"118–35 Queens Boulevard, 11th Floor, Forest Hills, NY 11375",True,False,False,False,False,0,2400,False,Monday–Friday 9 AM–5 PM,https://vote.nyc/page/contact-us
boe-manhattan,Board of Elections Manhattan Office,Election administration office,NYC Board of Elections,Manhattan,"200 Varick Street, 10th Floor, New York, NY 10014",True,False,False,False,False,0,2400,False,Monday–Friday 9 AM–5 PM,https://vote.nyc/page/contact-us
boe-staten-island,Board of Elections Staten Island Office,Election administration office,NYC Board of Elections,Staten Island,"1 Edgewater Plaza, 4th Floor, Staten Island, NY 10305",True,False,False,False,False,0,2400,False,Monday–Friday 9 AM–5 PM,https://vote.nyc/page/contact-us
dcas-ctac-bronx,DCAS Bronx CTAC,Civil-service examination application assistance,DCAS,Bronx,"1932 Arthur Avenue, 2nd Floor, Bronx, NY 10457",True,False,False,False,False,0,2400,False,"Monday–Friday 9 AM–5 PM, except City holidays",https://www.nyc.gov/site/dcas/employment/travel-directions-to-the-ctacs.page
dcas-ctac-brooklyn,DCAS Brooklyn CTAC,Civil-service examination application assistance,DCAS,Brooklyn,"210 Joralemon Street, 4th Floor, Brooklyn, NY 11201",True,False,False,False,False,0,2400,False,"Monday–Friday 9 AM–5 PM, except City holidays",https://www.nyc.gov/site/dcas/employment/travel-directions-to-the-ctacs.page
dcas-ctac-manhattan,DCAS Manhattan CTAC,Civil-service examination application assistance,DCAS,Manhattan,"2 Lafayette Street, 17th Floor, New York, NY 10007",True,False,False,False,False,0,2400,False,"Monday–Friday 9 AM–5 PM, except City holidays",https://www.nyc.gov/site/dcas/employment/travel-directions-to-the-ctacs.page
dcas-ctac-queens,DCAS Queens CTAC,Civil-service examination application assistance,DCAS,Queens,"118–35 Queens Boulevard, 5th Floor, Forest Hills, NY 11375",True,False,False,False,False,0,2400,False,"Monday–Friday 9 AM–5 PM, except City holidays",https://www.nyc.gov/site/dcas/employment/travel-directions-to-the-ctacs.page
dcas-ctac-staten-island,DCAS Staten Island CTAC,Civil-service examination application assistance,DCAS,Staten Island,"135 Canal Street, 3rd Floor, Staten Island, NY 10304",True,False,False,False,False,0,2400,False,"Monday–Friday 9 AM–5 PM, except City holidays",https://www.nyc.gov/site/dcas/employment/travel-directions-to-the-ctacs.page
dvs-bronx-va,DVS at James J. Peters VA Medical Center,Veteran benefits and service navigation,NYC Department of Veterans Services,Bronx,"130 West Kingsbridge Road, 4th Floor, Room 4B-06, Bronx, NY 10468-3904",True,False,False,False,False,0,540,False,Tuesday 10 AM–4 PM; Thursday 9 AM–noon,https://www.nyc.gov/site/veterans/contact/veteran-resource-centers.page
dvs-brooklyn-va,DVS at Brooklyn VA Medical Center,Veteran benefits and service navigation,NYC Department of Veterans Services,Brooklyn,"800 Poly Place, Room 5-213, Brooklyn, NY 11209",True,False,False,False,False,0,720,False,Tuesday & Thursday 10 AM–4 PM,https://www.nyc.gov/site/veterans/contact/veteran-resource-centers.page
dvs-brooklyn-hra,DVS at Brooklyn HRA Office,Veteran benefits and service navigation,NYC Department of Veterans Services,Brooklyn,"25 Chapel Street, Brooklyn, NY 11201",True,False,False,False,False,0,720,False,Monday & Tuesday 10 AM–4 PM,https://www.nyc.gov/site/veterans/contact/veteran-resource-centers.page
dvs-municipal,DVS at Municipal Building,Veteran benefits and service navigation,NYC Department of Veterans Services,Manhattan,"1 Centre Street, 22nd Floor, Suite 2213, New York, NY 10007",True,False,False,False,False,0,720,False,Monday 11 AM–5 PM; Wednesday & Friday 9 AM–noon,https://www.nyc.gov/site/veterans/contact/veteran-resource-centers.page
dvs-harlem,DVS at Harlem Vet Center,Veteran benefits and service navigation,NYC Department of Veterans Services,Manhattan,"55 W 125th Street, 9th Floor, New York, NY 10027",True,False,False,False,False,0,180,False,Wednesday 9 AM–noon,https://www.nyc.gov/site/veterans/contact/veteran-resource-centers.page
dvs-queens,DVS at Queens Borough Hall,Veteran benefits and service navigation,NYC Department of Veterans Services,Queens,"120–55 Queens Boulevard, Kew Gardens, NY 11423",True,False,False,False,False,0,720,False,Monday & Thursday 10 AM–4 PM,https://www.nyc.gov/site/veterans/contact/veteran-resource-centers.page
dvs-staten-island,DVS at Staten Island Borough Hall,Veteran benefits and service navigation,NYC Department of Veterans Services,Staten Island,"10 Richmond Terrace, Staten Island, NY 10301",True,False,False,False,False,0,660,False,Tuesday 9 AM–5 PM; Thursday 9 AM–noon,https://www.nyc.gov/site/veterans/contact/veteran-resource-centers.page
doh-vital-records,Office of Vital Records,Birth certificate order,NYC Health Department,Manhattan,"125 Worth Street, CN-4, Room 119 (45 Lafayette Street entrance), New York, NY 10013",True,False,False,False,False,0,1950,False,Monday–Friday 9 AM–3:30 PM,https://portal.311.nyc.gov/article/?kanumber=KA-01012
passport-agency-ny,New York Passport Agency,Urgent travel passport appointment,U.S. Department of State,Manhattan,"Greater New York Federal Building, 376 Hudson Street, New York, NY 10014-3621",True,True,True,False,False,450,2550,False,Monday–Friday 7:30 AM–4 PM; closed federal holidays,https://travel.state.gov/en/passports/apply/get-fast/make-appointment/new-york.html
ssa-card-brooklyn,Social Security Brooklyn Card Center,Social Security number and card assistance,Social Security Administration,Brooklyn,"154 Pierrepont Street, Sixth Floor, Brooklyn, NY 11201",False,,,,,,,False,Hours not verified,https://www.ssa.gov/ny/services-fo.htm
ssa-card-queens,Social Security Queens Card Center,Social Security number and card assistance,Social Security Administration,Queens,"155–10 Jamaica Avenue, Second Floor, Jamaica, NY 11432",False,,,,,,,False,Hours not verified,https://www.ssa.gov/ny/services-fo.htm
ssa-card-bronx,Social Security Bronx Card Center,Social Security number and card assistance,Social Security Administration,Bronx,"820 Concourse Village West, Second Floor, Bronx, NY 10451",False,,,,,,,False,Hours not verified,https://www.ssa.gov/ny/services-fo.htm
ssa-card-manhattan,Social Security Manhattan Card Center,Social Security number and card assistance,Social Security Administration,Manhattan,"123 William Street, Third Floor, New York, NY 10038",False,,,,,,,False,Hours not verified,https://www.ssa.gov/ny/services-fo.htm
