id,name,eligible,participants,rate,low,high,source,period
AL,Alabama,217424.0,111698.0,51.4,49.1,53.6,https://fns-prod.azureedge.us/sites/default/files/resource-files/wic-eer2023-report.pdf,CY 2023
AK,Alaska,27897.0,14037.0,50.3,45.0,55.7,https://fns-prod.azureedge.us/sites/default/files/resource-files/wic-eer2023-report.pdf,CY 2023
AZ,Arizona,251856.0,149740.0,59.5,57.5,61.5,https://fns-prod.azureedge.us/sites/default/files/resource-files/wic-eer2023-report.pdf,CY 2023
AR,Arkansas,137464.0,62760.0,45.7,43.1,48.2,https://fns-prod.azureedge.us/sites/default/files/resource-files/wic-eer2023-report.pdf,CY 2023
CA,California,1342261.0,972105.0,72.4,71.3,73.6,https://fns-prod.azureedge.us/sites/default/files/resource-files/wic-eer2023-report.pdf,CY 2023
CO,Colorado,161362.0,87529.0,54.2,51.3,57.2,https://fns-prod.azureedge.us/sites/default/files/resource-files/wic-eer2023-report.pdf,CY 2023
CT,Connecticut,100229.0,48241.0,48.1,45.7,50.6,https://fns-prod.azureedge.us/sites/default/files/resource-files/wic-eer2023-report.pdf,CY 2023
DE,Delaware,33370.0,20526.0,61.5,54.1,68.9,https://fns-prod.azureedge.us/sites/default/files/resource-files/wic-eer2023-report.pdf,CY 2023
DC,District of Columbia,19833.0,11699.0,59.0,49.5,68.5,https://fns-prod.azureedge.us/sites/default/files/resource-files/wic-eer2023-report.pdf,CY 2023
FL,Florida,797695.0,421853.0,52.9,51.8,54.0,https://fns-prod.azureedge.us/sites/default/files/resource-files/wic-eer2023-report.pdf,CY 2023
GA,Georgia,452426.0,216026.0,47.7,46.5,49.0,https://fns-prod.azureedge.us/sites/default/files/resource-files/wic-eer2023-report.pdf,CY 2023
HI,Hawaii,44888.0,25712.0,57.3,51.8,62.8,https://fns-prod.azureedge.us/sites/default/files/resource-files/wic-eer2023-report.pdf,CY 2023
ID,Idaho,68498.0,30758.0,44.9,41.6,48.2,https://fns-prod.azureedge.us/sites/default/files/resource-files/wic-eer2023-report.pdf,CY 2023
IL,Illinois,374310.0,165845.0,44.3,42.8,45.8,https://fns-prod.azureedge.us/sites/default/files/resource-files/wic-eer2023-report.pdf,CY 2023
IN,Indiana,252916.0,147377.0,58.3,56.1,60.5,https://fns-prod.azureedge.us/sites/default/files/resource-files/wic-eer2023-report.pdf,CY 2023
IA,Iowa,106440.0,57828.0,54.3,50.7,58.0,https://fns-prod.azureedge.us/sites/default/files/resource-files/wic-eer2023-report.pdf,CY 2023
KS,Kansas,92727.0,46951.0,50.6,47.7,53.6,https://fns-prod.azureedge.us/sites/default/files/resource-files/wic-eer2023-report.pdf,CY 2023
KY,Kentucky,181150.0,112463.0,62.1,59.4,64.7,https://fns-prod.azureedge.us/sites/default/files/resource-files/wic-eer2023-report.pdf,CY 2023
LA,Louisiana,230008.0,94945.0,41.3,39.9,42.7,https://fns-prod.azureedge.us/sites/default/files/resource-files/wic-eer2023-report.pdf,CY 2023
ME,Maine,32774.0,18102.0,55.2,48.9,61.6,https://fns-prod.azureedge.us/sites/default/files/resource-files/wic-eer2023-report.pdf,CY 2023
MD,Maryland,198551.0,121474.0,61.2,58.6,63.8,https://fns-prod.azureedge.us/sites/default/files/resource-files/wic-eer2023-report.pdf,CY 2023
MA,Massachusetts,180935.0,124227.0,68.7,65.4,71.9,https://fns-prod.azureedge.us/sites/default/files/resource-files/wic-eer2023-report.pdf,CY 2023
MI,Michigan,325382.0,203673.0,62.6,60.5,64.7,https://fns-prod.azureedge.us/sites/default/files/resource-files/wic-eer2023-report.pdf,CY 2023
MN,Minnesota,159569.0,105664.0,66.2,62.0,70.5,https://fns-prod.azureedge.us/sites/default/files/resource-files/wic-eer2023-report.pdf,CY 2023
MS,Mississippi,140088.0,63811.0,45.6,43.5,47.6,https://fns-prod.azureedge.us/sites/default/files/resource-files/wic-eer2023-report.pdf,CY 2023
MO,Missouri,210848.0,90657.0,43.0,41.4,44.6,https://fns-prod.azureedge.us/sites/default/files/resource-files/wic-eer2023-report.pdf,CY 2023
MT,Montana,32628.0,14002.0,42.9,38.5,47.3,https://fns-prod.azureedge.us/sites/default/files/resource-files/wic-eer2023-report.pdf,CY 2023
NE,Nebraska,61410.0,36599.0,59.6,54.8,64.4,https://fns-prod.azureedge.us/sites/default/files/resource-files/wic-eer2023-report.pdf,CY 2023
NV,Nevada,112145.0,53534.0,47.7,45.1,50.4,https://fns-prod.azureedge.us/sites/default/files/resource-files/wic-eer2023-report.pdf,CY 2023
NH,New Hampshire,26565.0,13153.0,49.5,42.8,56.2,https://fns-prod.azureedge.us/sites/default/files/resource-files/wic-eer2023-report.pdf,CY 2023
NJ,New Jersey,280003.0,163380.0,58.3,56.0,60.7,https://fns-prod.azureedge.us/sites/default/files/resource-files/wic-eer2023-report.pdf,CY 2023
NM,New Mexico,88623.0,38920.0,43.9,41.5,46.4,https://fns-prod.azureedge.us/sites/default/files/resource-files/wic-eer2023-report.pdf,CY 2023
NY,New York,675156.0,421604.0,62.4,61.0,63.8,https://fns-prod.azureedge.us/sites/default/files/resource-files/wic-eer2023-report.pdf,CY 2023
NC,North Carolina,408500.0,252514.0,61.8,60.1,63.5,https://fns-prod.azureedge.us/sites/default/files/resource-files/wic-eer2023-report.pdf,CY 2023
ND,North Dakota,20382.0,10508.0,51.6,43.2,59.9,https://fns-prod.azureedge.us/sites/default/files/resource-files/wic-eer2023-report.pdf,CY 2023
OH,Ohio,390500.0,177743.0,45.5,44.4,46.6,https://fns-prod.azureedge.us/sites/default/files/resource-files/wic-eer2023-report.pdf,CY 2023
OK,Oklahoma,182481.0,98848.0,54.2,51.7,56.6,https://fns-prod.azureedge.us/sites/default/files/resource-files/wic-eer2023-report.pdf,CY 2023
OR,Oregon,122873.0,77520.0,63.1,59.8,66.4,https://fns-prod.azureedge.us/sites/default/files/resource-files/wic-eer2023-report.pdf,CY 2023
PA,Pennsylvania,399427.0,174376.0,43.7,42.3,45.0,https://fns-prod.azureedge.us/sites/default/files/resource-files/wic-eer2023-report.pdf,CY 2023
PR,Puerto Rico,103225.0,86471.0,83.8,80.6,86.9,https://fns-prod.azureedge.us/sites/default/files/resource-files/wic-eer2023-report.pdf,CY 2023
RI,Rhode Island,28988.0,17578.0,60.6,53.6,67.7,https://fns-prod.azureedge.us/sites/default/files/resource-files/wic-eer2023-report.pdf,CY 2023
SC,South Carolina,214663.0,95108.0,44.3,42.5,46.1,https://fns-prod.azureedge.us/sites/default/files/resource-files/wic-eer2023-report.pdf,CY 2023
SD,South Dakota,26349.0,15153.0,57.5,50.4,64.6,https://fns-prod.azureedge.us/sites/default/files/resource-files/wic-eer2023-report.pdf,CY 2023
TN,Tennessee,278397.0,131895.0,47.4,45.7,49.0,https://fns-prod.azureedge.us/sites/default/files/resource-files/wic-eer2023-report.pdf,CY 2023
TX,Texas,1364294.0,773120.0,56.7,55.9,57.4,https://fns-prod.azureedge.us/sites/default/files/resource-files/wic-eer2023-report.pdf,CY 2023
UT,Utah,94848.0,42187.0,44.5,41.5,47.4,https://fns-prod.azureedge.us/sites/default/files/resource-files/wic-eer2023-report.pdf,CY 2023
VT,Vermont,13548.0,10791.0,79.6,65.1,94.2,https://fns-prod.azureedge.us/sites/default/files/resource-files/wic-eer2023-report.pdf,CY 2023
VA,Virginia,254803.0,120272.0,47.2,45.3,49.1,https://fns-prod.azureedge.us/sites/default/files/resource-files/wic-eer2023-report.pdf,CY 2023
WA,Washington,236727.0,129668.0,54.8,52.8,56.7,https://fns-prod.azureedge.us/sites/default/files/resource-files/wic-eer2023-report.pdf,CY 2023
WV,West Virginia,62738.0,37114.0,59.2,55.3,63.0,https://fns-prod.azureedge.us/sites/default/files/resource-files/wic-eer2023-report.pdf,CY 2023
WI,Wisconsin,162136.0,90803.0,56.0,53.1,59.0,https://fns-prod.azureedge.us/sites/default/files/resource-files/wic-eer2023-report.pdf,CY 2023
WY,Wyoming,17656.0,7671.0,43.4,37.3,49.6,https://fns-prod.azureedge.us/sites/default/files/resource-files/wic-eer2023-report.pdf,CY 2023
